-- MySQL dump 10.13  Distrib 8.0.36, for Linux (x86_64)
--
-- Host: 127.0.0.1    Database: blog
-- ------------------------------------------------------
-- Server version	5.5.5-10.11.14-MariaDB-0+deb12u2

/*!40101 SET @OLD_CHARACTER_SET_CLIENT=@@CHARACTER_SET_CLIENT */;
/*!40101 SET @OLD_CHARACTER_SET_RESULTS=@@CHARACTER_SET_RESULTS */;
/*!40101 SET @OLD_COLLATION_CONNECTION=@@COLLATION_CONNECTION */;
/*!50503 SET NAMES utf8 */;
/*!40103 SET @OLD_TIME_ZONE=@@TIME_ZONE */;
/*!40103 SET TIME_ZONE='+00:00' */;
/*!40014 SET @OLD_UNIQUE_CHECKS=@@UNIQUE_CHECKS, UNIQUE_CHECKS=0 */;
/*!40014 SET @OLD_FOREIGN_KEY_CHECKS=@@FOREIGN_KEY_CHECKS, FOREIGN_KEY_CHECKS=0 */;
/*!40101 SET @OLD_SQL_MODE=@@SQL_MODE, SQL_MODE='NO_AUTO_VALUE_ON_ZERO' */;
/*!40111 SET @OLD_SQL_NOTES=@@SQL_NOTES, SQL_NOTES=0 */;

--
-- Table structure for table `categories`
--

DROP TABLE IF EXISTS `categories`;
/*!40101 SET @saved_cs_client     = @@character_set_client */;
/*!50503 SET character_set_client = utf8mb4 */;
CREATE TABLE `categories` (
  `id` bigint(20) NOT NULL AUTO_INCREMENT,
  `name` varchar(100) NOT NULL,
  `description` varchar(160) DEFAULT NULL,
  `created_at` timestamp NULL DEFAULT NULL,
  `updated_at` timestamp NULL DEFAULT NULL,
  `archived` tinyint(1) DEFAULT 1,
  PRIMARY KEY (`id`),
  UNIQUE KEY `name` (`name`)
) ENGINE=InnoDB AUTO_INCREMENT=14 DEFAULT CHARSET=utf8mb4 COLLATE=utf8mb4_unicode_ci;
/*!40101 SET character_set_client = @saved_cs_client */;

--
-- Dumping data for table `categories`
--

LOCK TABLES `categories` WRITE;
/*!40000 ALTER TABLE `categories` DISABLE KEYS */;
INSERT INTO `categories` VALUES (1,'Horror',NULL,'2026-07-22 07:05:46','2026-07-22 18:25:49',1),(2,'Suspense',NULL,'2026-07-22 07:05:54','2026-07-22 18:25:47',1),(3,'Action',NULL,'2026-07-22 07:06:06','2026-07-22 18:25:46',1),(4,'Alone','ddddjdj','2026-07-22 07:37:05','2026-07-22 18:25:44',1),(5,'New Category','Description','2026-07-22 08:26:49','2026-07-22 18:25:51',1),(6,'Productivity',NULL,'2026-07-22 18:26:13','2026-07-22 18:26:13',0),(7,'Lifestyle',NULL,'2026-07-22 18:26:19','2026-07-22 18:26:19',0),(8,'Guide',NULL,'2026-07-22 18:26:27','2026-07-22 18:26:27',0),(9,'Travel',NULL,'2026-07-22 18:26:42','2026-07-22 18:26:42',0),(10,'Home',NULL,'2026-07-22 19:02:33','2026-07-22 19:02:33',0),(11,'Health',NULL,'2026-07-22 19:02:47','2026-07-22 19:02:47',0),(12,'Self Improvement',NULL,'2026-07-22 19:03:08','2026-07-22 19:03:08',0),(13,'Culture',NULL,'2026-07-22 19:08:33','2026-07-22 19:08:33',0);
/*!40000 ALTER TABLE `categories` ENABLE KEYS */;
UNLOCK TABLES;

--
-- Table structure for table `post_categories`
--

DROP TABLE IF EXISTS `post_categories`;
/*!40101 SET @saved_cs_client     = @@character_set_client */;
/*!50503 SET character_set_client = utf8mb4 */;
CREATE TABLE `post_categories` (
  `id` bigint(20) NOT NULL AUTO_INCREMENT,
  `post_id` bigint(20) NOT NULL,
  `category_id` bigint(20) NOT NULL,
  `created_at` timestamp NULL DEFAULT NULL,
  `updated_at` timestamp NULL DEFAULT NULL,
  `archived` tinyint(1) DEFAULT 0,
  PRIMARY KEY (`id`),
  KEY `category_id` (`category_id`),
  KEY `idx_post_categories_post_id` (`post_id`),
  CONSTRAINT `post_categories_ibfk_1` FOREIGN KEY (`post_id`) REFERENCES `posts` (`id`),
  CONSTRAINT `post_categories_ibfk_2` FOREIGN KEY (`category_id`) REFERENCES `categories` (`id`)
) ENGINE=InnoDB AUTO_INCREMENT=81 DEFAULT CHARSET=utf8mb4 COLLATE=utf8mb4_unicode_ci;
/*!40101 SET character_set_client = @saved_cs_client */;

--
-- Dumping data for table `post_categories`
--

LOCK TABLES `post_categories` WRITE;
/*!40000 ALTER TABLE `post_categories` DISABLE KEYS */;
INSERT INTO `post_categories` VALUES (1,1,1,'2026-07-22 07:19:04','2026-07-22 18:25:21',1),(2,1,2,'2026-07-22 07:19:04','2026-07-22 18:25:21',1),(3,1,3,'2026-07-22 07:19:04','2026-07-22 18:25:21',1),(4,2,1,'2026-07-22 07:19:39','2026-07-22 07:36:45',1),(5,2,2,'2026-07-22 07:36:45','2026-07-22 07:37:21',1),(6,2,1,'2026-07-22 07:36:45','2026-07-22 07:37:21',1),(7,2,4,'2026-07-22 07:37:21','2026-07-22 07:37:54',1),(8,2,4,'2026-07-22 07:37:54','2026-07-22 08:08:56',1),(9,3,2,'2026-07-22 07:38:27','2026-07-22 07:39:26',1),(10,3,2,'2026-07-22 07:39:26','2026-07-22 08:07:38',1),(11,3,3,'2026-07-22 08:07:38','2026-07-22 08:19:11',1),(12,3,2,'2026-07-22 08:07:38','2026-07-22 08:19:11',1),(13,3,2,'2026-07-22 08:19:11','2026-07-22 08:25:01',1),(14,3,3,'2026-07-22 08:19:11','2026-07-22 08:25:01',1),(15,4,4,'2026-07-22 08:24:30','2026-07-22 08:34:41',1),(16,4,1,'2026-07-22 08:24:30','2026-07-22 08:34:41',1),(17,3,4,'2026-07-22 08:25:01','2026-07-22 18:25:19',1),(18,4,1,'2026-07-22 08:34:41','2026-07-22 18:25:17',1),(19,4,4,'2026-07-22 08:34:41','2026-07-22 18:25:17',1),(20,4,3,'2026-07-22 08:34:41','2026-07-22 18:25:17',1),(21,5,6,'2026-07-22 18:28:37','2026-07-22 18:31:27',1),(22,5,7,'2026-07-22 18:28:37','2026-07-22 18:31:27',1),(23,5,8,'2026-07-22 18:28:37','2026-07-22 18:31:27',1),(24,6,9,'2026-07-22 18:29:38','2026-07-22 18:30:49',1),(25,6,8,'2026-07-22 18:29:38','2026-07-22 18:30:49',1),(26,6,7,'2026-07-22 18:29:38','2026-07-22 18:30:49',1),(27,6,9,'2026-07-22 18:30:49','2026-07-22 18:31:03',1),(28,6,8,'2026-07-22 18:30:49','2026-07-22 18:31:03',1),(29,6,7,'2026-07-22 18:30:49','2026-07-22 18:31:03',1),(30,6,9,'2026-07-22 18:31:03','2026-07-22 18:31:03',0),(31,6,8,'2026-07-22 18:31:03','2026-07-22 18:31:03',0),(32,6,7,'2026-07-22 18:31:03','2026-07-22 18:31:03',0),(33,5,6,'2026-07-22 18:31:27','2026-07-22 19:25:41',1),(34,5,7,'2026-07-22 18:31:27','2026-07-22 19:25:41',1),(35,5,8,'2026-07-22 18:31:27','2026-07-22 19:25:41',1),(36,7,10,'2026-07-22 19:04:42','2026-07-22 19:04:42',0),(37,7,7,'2026-07-22 19:04:42','2026-07-22 19:04:42',0),(38,7,8,'2026-07-22 19:04:42','2026-07-22 19:04:42',0),(39,8,11,'2026-07-22 19:05:50','2026-07-22 19:06:08',1),(40,8,7,'2026-07-22 19:05:50','2026-07-22 19:06:08',1),(41,8,8,'2026-07-22 19:05:50','2026-07-22 19:06:08',1),(42,9,11,'2026-07-22 19:06:38','2026-07-22 19:06:38',0),(43,9,7,'2026-07-22 19:06:38','2026-07-22 19:06:38',0),(44,9,8,'2026-07-22 19:06:38','2026-07-22 19:06:38',0),(45,10,6,'2026-07-22 19:07:46','2026-07-22 19:07:46',0),(46,10,12,'2026-07-22 19:07:46','2026-07-22 19:07:46',0),(47,10,8,'2026-07-22 19:07:46','2026-07-22 19:07:46',0),(48,11,13,'2026-07-22 19:09:53','2026-07-22 19:25:22',1),(49,11,9,'2026-07-22 19:09:53','2026-07-22 19:25:22',1),(50,11,8,'2026-07-22 19:09:53','2026-07-22 19:25:22',1),(51,11,13,'2026-07-22 19:25:22','2026-07-22 19:25:22',0),(52,11,9,'2026-07-22 19:25:22','2026-07-22 19:25:22',0),(53,11,8,'2026-07-22 19:25:22','2026-07-22 19:25:22',0),(54,5,6,'2026-07-22 19:25:41','2026-07-22 19:26:22',1),(55,5,7,'2026-07-22 19:25:41','2026-07-22 19:26:22',1),(56,5,8,'2026-07-22 19:25:41','2026-07-22 19:26:22',1),(57,5,6,'2026-07-22 19:26:22','2026-07-22 19:27:24',1),(58,5,7,'2026-07-22 19:26:22','2026-07-22 19:27:24',1),(59,5,8,'2026-07-22 19:26:22','2026-07-22 19:27:24',1),(60,5,6,'2026-07-22 19:27:24','2026-07-22 19:27:35',1),(61,5,7,'2026-07-22 19:27:24','2026-07-22 19:27:35',1),(62,5,8,'2026-07-22 19:27:24','2026-07-22 19:27:35',1),(63,5,6,'2026-07-22 19:27:35','2026-07-22 19:27:35',0),(64,5,7,'2026-07-22 19:27:35','2026-07-22 19:27:35',0),(65,5,8,'2026-07-22 19:27:35','2026-07-22 19:27:35',0),(66,12,9,'2026-07-22 19:31:58','2026-07-22 19:32:18',1),(67,12,13,'2026-07-22 19:31:58','2026-07-22 19:32:18',1),(68,12,8,'2026-07-22 19:31:58','2026-07-22 19:32:18',1),(69,12,9,'2026-07-22 19:32:18','2026-07-22 19:46:28',1),(70,12,13,'2026-07-22 19:32:18','2026-07-22 19:46:28',1),(71,12,10,'2026-07-22 19:32:18','2026-07-22 19:46:28',1),(72,12,7,'2026-07-22 19:32:18','2026-07-22 19:46:28',1),(73,12,8,'2026-07-22 19:32:18','2026-07-22 19:46:28',1),(74,12,6,'2026-07-22 19:32:18','2026-07-22 19:46:28',1),(75,12,6,'2026-07-22 19:46:28','2026-07-22 19:47:06',1),(76,12,7,'2026-07-22 19:46:28','2026-07-22 19:47:06',1),(77,12,8,'2026-07-22 19:46:28','2026-07-22 19:47:06',1),(78,12,9,'2026-07-22 19:46:28','2026-07-22 19:47:06',1),(79,12,10,'2026-07-22 19:46:28','2026-07-22 19:47:06',1),(80,12,13,'2026-07-22 19:46:28','2026-07-22 19:47:06',1);
/*!40000 ALTER TABLE `post_categories` ENABLE KEYS */;
UNLOCK TABLES;

--
-- Table structure for table `post_likes`
--

DROP TABLE IF EXISTS `post_likes`;
/*!40101 SET @saved_cs_client     = @@character_set_client */;
/*!50503 SET character_set_client = utf8mb4 */;
CREATE TABLE `post_likes` (
  `id` bigint(20) NOT NULL AUTO_INCREMENT,
  `post_id` smallint(6) NOT NULL,
  `user_id` smallint(6) NOT NULL,
  `created_at` timestamp NULL DEFAULT NULL,
  `updated_at` timestamp NULL DEFAULT NULL,
  `archived` tinyint(1) DEFAULT 0,
  PRIMARY KEY (`id`)
) ENGINE=InnoDB AUTO_INCREMENT=18 DEFAULT CHARSET=utf8mb4 COLLATE=utf8mb4_unicode_ci;
/*!40101 SET character_set_client = @saved_cs_client */;

--
-- Dumping data for table `post_likes`
--

LOCK TABLES `post_likes` WRITE;
/*!40000 ALTER TABLE `post_likes` DISABLE KEYS */;
INSERT INTO `post_likes` VALUES (1,4,30,'2026-07-22 18:21:32','2026-07-22 18:22:03',0),(2,3,30,'2026-07-22 18:21:34','2026-07-22 18:21:36',0),(3,1,30,'2026-07-22 18:21:40','2026-07-22 18:22:21',0),(4,1,31,'2026-07-22 18:23:08','2026-07-22 18:23:21',0),(5,4,31,'2026-07-22 18:23:15','2026-07-22 18:23:25',1),(6,3,31,'2026-07-22 18:23:17','2026-07-22 18:23:26',0),(7,5,30,'2026-07-22 18:32:54','2026-07-22 19:29:43',1),(8,6,30,'2026-07-22 18:40:29','2026-07-22 19:19:29',0),(9,9,30,'2026-07-22 19:11:34','2026-07-22 19:29:40',0),(10,11,31,'2026-07-22 19:19:48','2026-07-22 19:24:31',0),(11,6,31,'2026-07-22 19:19:50','2026-07-22 19:24:39',0),(12,5,31,'2026-07-22 19:19:51','2026-07-22 19:19:51',0),(13,7,31,'2026-07-22 19:24:34','2026-07-22 19:24:35',0),(14,7,30,'2026-07-22 19:29:41','2026-07-22 20:31:03',0),(15,12,30,'2026-07-22 19:33:16','2026-07-22 19:33:18',1),(16,11,30,'2026-07-22 19:48:58','2026-07-22 19:49:07',1),(17,10,30,'2026-07-22 19:49:01','2026-07-22 20:31:01',0);
/*!40000 ALTER TABLE `post_likes` ENABLE KEYS */;
UNLOCK TABLES;

--
-- Table structure for table `posts`
--

DROP TABLE IF EXISTS `posts`;
/*!40101 SET @saved_cs_client     = @@character_set_client */;
/*!50503 SET character_set_client = utf8mb4 */;
CREATE TABLE `posts` (
  `id` bigint(20) NOT NULL AUTO_INCREMENT,
  `author_id` bigint(20) NOT NULL,
  `title` varchar(255) NOT NULL,
  `excerpt` varchar(160) NOT NULL,
  `content` text NOT NULL,
  `featured_image_url` varchar(500) NOT NULL,
  `created_at` timestamp NULL DEFAULT NULL,
  `updated_at` timestamp NULL DEFAULT NULL,
  `archived` tinyint(1) DEFAULT 0,
  PRIMARY KEY (`id`),
  KEY `author_id` (`author_id`),
  CONSTRAINT `posts_ibfk_1` FOREIGN KEY (`author_id`) REFERENCES `users` (`id`)
) ENGINE=InnoDB AUTO_INCREMENT=13 DEFAULT CHARSET=utf8mb4 COLLATE=utf8mb4_unicode_ci;
/*!40101 SET character_set_client = @saved_cs_client */;

--
-- Dumping data for table `posts`
--

LOCK TABLES `posts` WRITE;
/*!40000 ALTER TABLE `posts` DISABLE KEYS */;
INSERT INTO `posts` VALUES (1,28,'Hello','Summary','hello','https://res.cloudinary.com/ddw4hd8ln/image/upload/v1784704744/clearview-blog/publications/erufiizubl0rmlhvvx1q.jpg','2026-07-22 07:19:04','2026-07-22 18:25:21',1),(2,28,'HelloWorld','lolee','lolee','https://res.cloudinary.com/ddw4hd8ln/image/upload/v1784705804/clearview-blog/publications/rf1uztygng61egiwc6r9.jpg','2026-07-22 07:19:39','2026-07-22 08:08:56',1),(3,28,'Nothing','ff','ff','https://res.cloudinary.com/ddw4hd8ln/image/upload/v1784705907/clearview-blog/publications/lcjpsxl724zktdjv27hc.jpg','2026-07-22 07:38:27','2026-07-22 18:25:19',1),(4,28,'New Publication 1','Excerpt','CONTENT','https://res.cloudinary.com/ddw4hd8ln/image/upload/v1784708670/clearview-blog/publications/ekgfdffkagd3qioyhrsg.webp','2026-07-22 08:24:30','2026-07-22 18:25:17',1),(5,28,'Building a Sustainable Morning Routine for Remote Work','A practical morning routine that improves focus, reduces distractions, and helps remote workers begin each day with clear priorities.','Planning an independent trip to Japan can feel overwhelming. The country offers large modern cities, historic neighborhoods, mountain villages, coastal landscapes, regional food, and one of the most extensive transportation networks in the world.\n\nThe challenge is rarely finding something to do. The challenge is choosing a realistic route and understanding how the different parts of the trip fit together.\n\nA good first trip does not need to cover the entire country. It should give you enough time to experience each destination without turning every day into a race between train stations, hotels, and tourist attractions.\n\nDecide What Kind of Trip You Want\n\nBefore booking flights or accommodation, decide what you want the trip to emphasize. Japan can support very different travel styles.\n\n- Urban exploration: Tokyo, Osaka, Yokohama, and other major cities\n- History and traditional architecture: Kyoto, Nara, Kanazawa, and Nikko\n- Food: regional markets, neighborhood restaurants, and specialty dishes\n- Nature: national parks, mountain towns, lakes, and coastal regions\n- Popular culture: gaming, animation, fashion, music, and themed attractions\n\nYou do not need to select only one theme, but identifying your main interests prevents the itinerary from becoming an unrelated collection of popular locations.\n\nBuild a Realistic First Itinerary\n\nFor a first visit, many travelers choose a route connecting Tokyo, Kyoto, and Osaka. This route is popular because it combines modern city life, historic areas, food, shopping, and convenient transportation.\n\nExample Seven-Day Itinerary\n\n1. Days 1–3: Tokyo\n2. Days 4–5: Kyoto\n3. Day 6: Nara or Osaka\n4. Day 7: Departure or final city exploration\n\nThis itinerary is possible, but it will move quickly. Travelers who prefer a slower pace should spend the full week in Tokyo and Kyoto or extend the trip.\n\nExample Fourteen-Day Itinerary\n\n1. Days 1–5: Tokyo, including a nearby day trip\n2. Days 6–9: Kyoto\n3. Day 10: Nara\n4. Days 11–13: Osaka\n5. Day 14: Departure\n\nAdditional destinations can be included, but changing hotels every night usually creates more inconvenience than variety. Staying several nights in one location makes it easier to explore nearby areas through day trips.\n\n“The best itinerary is not the one that includes the most destinations. It is the one that gives you enough time to remember them.”\n\nChoose the Right Travel Season\n\nEach season changes the experience significantly.\n\nSpring\n\nSpring is associated with mild temperatures and cherry blossoms. It is also one of the busiest travel periods. Popular accommodation and transportation options may become limited, especially around major blossom forecasts and holidays.\n\nSummer\n\nSummer can be hot and humid in many regions. It also brings festivals, fireworks, mountain activities, and longer daylight hours. Travelers visiting during summer should plan frequent breaks and remain prepared for rain.\n\nAutumn\n\nAutumn offers cooler temperatures and colorful foliage. Historic districts, gardens, and mountain areas can become particularly busy during peak foliage periods.\n\nWinter\n\nWinter is a strong option for travelers interested in snow, skiing, seasonal food, or quieter visits to major cities. Northern and mountainous regions may require additional preparation for cold conditions.\n\nBook Flights Strategically\n\nTokyo has two major international airports, and the practical difference between them is often transportation time rather than flight duration.\n\nWhen comparing flights, consider:\n\n- Arrival airport\n- Arrival time\n- Transportation to your accommodation\n- Baggage allowance\n- Connection duration\n- Whether the return flight leaves from the same city\n\nAn open-jaw itinerary can be useful. For example, you may arrive in Tokyo and depart from Osaka. This can reduce backtracking, although the flight price should be compared with the cost of returning to Tokyo.\n\nSelect Accommodation by Location\n\nA cheaper hotel can become inconvenient if it requires long transfers every morning and evening. When comparing accommodation, inspect the walking distance to the nearest train or subway station.\n\nUseful criteria include:\n\n- Distance from public transportation\n- Direct connections to areas on your itinerary\n- Nearby restaurants and convenience stores\n- Room size and luggage space\n- Laundry facilities\n- Check-in and luggage-storage policies\n\nIn Tokyo, choose a neighborhood based on your planned activities rather than searching for one universally “best” area. A location near a useful train line may be more valuable than a room beside a single famous attraction.\n\nUnderstand Transportation Before Arriving\n\nJapan’s transportation network is extensive, but first-time visitors may initially find it complicated. Different railway companies can operate within the same city, and some stations contain many platforms, exits, and connecting lines.\n\nDo not attempt to memorize the entire system. Instead, learn a few practical habits:\n\n1. Check the railway company and line name.\n2. Confirm the platform and destination direction.\n3. Allow extra time at large stations.\n4. Use station exit numbers when available.\n5. Avoid blocking gates or platform paths while checking directions.\n\nUse a Rechargeable Transportation Card\n\nA rechargeable transportation card simplifies many local train, subway, and bus journeys. It can also be accepted at some vending machines, convenience stores, and other businesses.\n\nAvailability and supported formats can vary, so confirm the current options before departure. Do not assume that every regional transportation system accepts the same card.\n\nEvaluate Rail Passes Carefully\n\nA rail pass is not automatically cheaper than individual tickets. Calculate the major journeys in your itinerary before purchasing one.\n\nIf your trip includes only one long-distance journey and several local trips, individual tickets may cost less. A pass becomes more attractive when the itinerary includes multiple qualifying long-distance journeys during its validity period.\n\nPlan Your Daily Schedule by Area\n\nLarge cities consume time through transportation. Group attractions by neighborhood instead of crossing the city repeatedly.\n\nFor example, a Tokyo day might focus on:\n\n- A historic district in the morning\n- A nearby museum or park\n- Lunch in the same area\n- A different but well-connected neighborhood in the evening\n\nThis structure reduces transit time and leaves space for unexpected discoveries.\n\nDo Not Overbook Restaurants and Attractions\n\nReservations are valuable for limited-capacity experiences, special restaurants, and attractions that regularly sell out. However, scheduling every meal removes flexibility.\n\nReserve only the experiences that are genuinely important to you. Leave several meals open for neighborhood restaurants, markets, food halls, and spontaneous choices.\n\nPrepare for Different Dining Systems\n\nRestaurants may use table service, vending-machine tickets, counter ordering, digital tablets, or payment at a register near the exit.\n\nObserve signs and follow the process used by other customers. In busy places, deciding what you want before reaching the counter helps keep the line moving.\n\nTravelers with food allergies or dietary restrictions should prepare translated explanations. Do not assume that removing one visible ingredient makes a dish suitable, because sauces and stocks may contain additional ingredients.\n\nLearn Practical Etiquette\n\nVisitors are not expected to understand every social convention, but a few habits prevent common problems:\n\n- Speak quietly on public transportation.\n- Follow marked queues.\n- Carry your trash until you find an appropriate bin.\n- Do not enter private property while taking photographs.\n- Follow rules posted at temples, shrines, baths, and historic sites.\n- Remove shoes when instructed.\n- Avoid stopping suddenly in crowded station passages.\n\nRespectful observation is often more useful than attempting to memorize a long list of rules.\n\nPrepare Internet Access and Essential Applications\n\nReliable internet access helps with transportation, translation, reservations, and communication. Common options include an eSIM, physical SIM card, international roaming plan, or portable Wi-Fi device.\n\nBefore departure, install or prepare tools for:\n\n- Navigation\n- Translation\n- Accommodation reservations\n- Airline information\n- Transportation schedules\n- Emergency communication\n\nDownload essential booking information and addresses for offline access. A dead battery or temporary connection problem should not prevent you from locating your hotel.\n\nManage Luggage Deliberately\n\nLarge luggage becomes difficult in crowded stations, narrow hotel rooms, and busy trains. Pack less than the maximum amount your suitcase can hold.\n\nConsider using:\n\n- A medium suitcase or travel backpack\n- A small day bag\n- Packing cubes\n- A compact laundry bag\n- Comfortable walking shoes\n\nTravelers moving between cities may also investigate luggage-delivery services. Confirm delivery times before relying on them for essential items.\n\nCreate a Practical Budget\n\nDivide your budget into major categories:\n\n1. International transportation\n2. Accommodation\n3. Intercity transportation\n4. Local transportation\n5. Food\n6. Attractions\n7. Shopping\n8. Emergency reserve\n\nTrack expensive fixed items first. Flights, hotels, and long-distance transportation will influence the budget more than small daily purchases.\n\nKeep more than one payment method available. Even when card acceptance is widespread, travelers should not depend on a single card, device, or account.\n\nLeave Room for Unplanned Experiences\n\nA rigid itinerary can make small delays feel like failures. Leave at least one flexible period every few days.\n\nYou may use that time to:\n\n- Return to a neighborhood you enjoyed\n- Visit an attraction missed earlier\n- Rest\n- Shop\n- Explore without a fixed destination\n\nUnplanned time is not wasted time. It is often when a trip begins to feel personal rather than procedural.\n\nFinal Checklist\n\nBefore leaving, confirm the following:\n\n- Passport validity\n- Entry requirements\n- Travel insurance\n- Flight and accommodation reservations\n- Airport transportation\n- Internet access\n- Payment methods\n- Medication and prescriptions\n- Emergency contacts\n- Copies of essential documents\n\nFinal Thoughts\n\nYour first trip to Japan does not need to include every famous city or attraction. A focused itinerary with realistic travel times will usually produce a better experience than an ambitious schedule built around checking locations off a list.\n\nChoose a few destinations, understand the transportation between them, reserve only the experiences that require advance planning, and leave enough open time to explore. Good preparation should reduce stress, not eliminate spontaneity.','https://res.cloudinary.com/ddw4hd8ln/image/upload/v1784744916/clearview-blog/publications/roqiqsbrfdzwglk6nnpb.jpg','2026-07-22 18:28:37','2026-07-22 19:27:35',0),(6,28,'A Complete Guide to Planning Your First Independent Trip to Japan','Plan your first independent trip to Japan with practical advice on routes, transportation, accommodation, budgeting, food, and etiquette.','Working from home offers flexibility, but it also removes many of the boundaries that normally separate personal time from professional responsibilities. Without a commute or a fixed office schedule, it is easy to begin the day by checking messages in bed, answering emails before breakfast, or moving from one task to another without a clear plan.\n\nA sustainable morning routine creates a deliberate transition into the workday. It does not need to be complicated or start before sunrise. The purpose is simply to reduce uncertainty, prepare your environment, and give your attention a clear direction.\n\nBegin Before Opening Your Inbox\n\nEmail and chat applications are designed around other people’s priorities. Opening them immediately can turn your morning into a reactive sequence of requests, notifications, and minor problems.\n\nBefore checking messages, take a few minutes to identify what matters most. Review your calendar, examine unfinished work from the previous day, and choose the task that will make the biggest difference if completed.\n\n“A productive morning is not defined by how many tasks you begin, but by how deliberately you choose the first one.”\n\nPrepare a Simple Workspace\n\nYour environment affects how quickly you can focus. A cluttered desk is not automatically a problem, but unnecessary objects, open applications, and constant notifications can create avoidable distractions.\n\nBefore starting work, prepare only what you need:\n\n- Your computer and charger\n- A notebook or task list\n- Water or another drink\n- Any documents required for your first task\n\nClose unrelated browser tabs and silence nonessential notifications. These small actions reduce the number of decisions you must make once you begin working.\n\nChoose Three Realistic Priorities\n\nA long task list can create the illusion of organization while making it harder to decide what to do. Instead of treating every task as equally important, select three priorities for the day.\n\n1. One high-impact task that requires concentration\n2. One operational task that keeps a project moving\n3. One smaller task that can be completed quickly\n\nThis approach provides structure without making the day too rigid. Unexpected requests may still appear, but your original priorities remain visible.\n\nProtect the First Focused Block\n\nReserve the first uninterrupted period of the day for meaningful work. Depending on your schedule, this block may last thirty minutes, one hour, or longer.\n\nDuring that time, avoid switching between applications or checking messages repeatedly. Work on one clearly defined objective. For example, instead of writing “work on report,” define the objective as “complete the first draft of the report introduction.”\n\nInclude a Clear Starting Ritual\n\nA consistent starting ritual tells your brain that work is beginning. It can be as simple as making coffee, opening your notebook, reviewing your priorities, and starting a timer.\n\nThe ritual itself is less important than repeating it. Over time, those actions become associated with concentration and make it easier to begin without waiting for motivation.\n\nKeep the Routine Flexible\n\nA routine should support your work rather than become another source of pressure. Some mornings will include appointments, family responsibilities, technical problems, or unexpected deadlines.\n\nWhen time is limited, reduce the routine to its essential elements: prepare your workspace, identify one priority, and begin. Consistency is useful, but adaptability is what makes a routine sustainable.\n\nFinal Thoughts\n\nThe strongest morning routines are usually simple. They reduce friction, protect attention, and help you begin the day intentionally. Start with a few repeatable actions, observe what improves your focus, and remove anything that adds complexity without producing value.','https://res.cloudinary.com/ddw4hd8ln/image/upload/v1784744977/clearview-blog/publications/my9qnwuu3xivq6i11ky0.jpg','2026-07-22 18:29:38','2026-07-22 18:31:03',0),(7,28,'Beginner’s Guide to Growing Indoor Plants','Learn how to choose, water, position, and maintain indoor plants without turning basic plant care into a complicated daily routine.','Indoor plants can make a room feel more comfortable, improve its visual appeal, and provide a satisfying routine. However, many beginners choose plants based only on appearance and then struggle to understand why those plants stop growing.\n\nSuccessful plant care begins with matching each plant to the conditions that already exist in your home. A plant placed in the wrong environment will remain difficult to maintain regardless of how carefully you water it.\n\nStart With the Available Light\n\nLight is one of the most important factors in plant growth. Before buying a plant, observe the room where you intend to place it.\n\nA bright window does not always provide direct sunlight. The direction of the window, nearby buildings, curtains, and the distance between the plant and the glass can all affect the amount of usable light.\n\nCommon lighting conditions include:\n\n- Bright direct light near an unobstructed window\n- Bright indirect light near a window without strong direct sun\n- Medium light several feet away from a bright window\n- Low light in rooms with limited natural illumination\n\nLow light does not mean no light. Every plant requires some light to survive.\n\nChoose Forgiving Plants\n\nSome plants tolerate inconsistent care better than others. Beginners should avoid plants that require tightly controlled humidity, temperature, and watering schedules.\n\nGood beginner options often include:\n\n- Snake plants\n- Pothos\n- Spider plants\n- ZZ plants\n- Heartleaf philodendrons\n\nEven easy plants have limits. A snake plant can tolerate low light, but it will usually grow more slowly than it would under brighter indirect light.\n\nUnderstand When to Water\n\nWatering on a fixed schedule is one of the most common mistakes in indoor plant care. Soil does not dry at the same speed throughout the year.\n\nBefore watering, check the soil. Insert a finger into the upper part of the potting mix. If the soil still feels damp, the plant may not need more water.\n\nWhen watering:\n\n1. Water the soil thoroughly.\n2. Allow excess water to leave through the drainage holes.\n3. Empty any water collected in the decorative container or saucer.\n4. Wait until the soil reaches the appropriate dryness before watering again.\n\nFrequent small amounts of water can leave the upper soil wet while failing to reach the deeper roots.\n\nUse Pots With Drainage\n\nA decorative pot without drainage can trap water around the roots. Constantly wet soil reduces oxygen and increases the risk of root damage.\n\nThe simplest setup is a nursery pot with drainage placed inside a decorative outer pot. Remove the inner pot when watering and allow it to drain completely before returning it.\n\nDo Not Repot Too Quickly\n\nA newly purchased plant does not always need a larger pot. Repotting immediately can create unnecessary stress.\n\nConsider repotting when:\n\n- Roots are circling tightly around the container\n- Water moves through the soil unusually quickly\n- The plant dries much faster than expected\n- Roots are growing through the drainage holes\n- The current soil is severely compacted\n\nChoose a pot only slightly larger than the existing one. An oversized container holds additional moisture that the roots may not use quickly enough.\n\nClean and Inspect the Leaves\n\nDust can accumulate on large leaves and reduce the amount of light reaching the plant. Wipe leaves gently with a damp cloth when needed.\n\nRegular inspection also helps identify problems early. Look for:\n\n- Yellowing leaves\n- Brown edges\n- Sticky residue\n- Webbing\n- Small insects\n- Soft or damaged stems\n\nOne damaged leaf does not necessarily indicate a serious problem. Look for patterns affecting new growth or multiple areas of the plant.\n\nAvoid Overcorrecting\n\nWhen a plant changes appearance, beginners often respond by adding water, fertilizer, or changing its location at the same time. This makes it difficult to identify the actual problem.\n\nChange one factor at a time and observe the plant over several days or weeks. Plant growth is slow, so improvement may not be immediate.\n\nFinal Thoughts\n\nIndoor plant care becomes easier when you focus on conditions rather than rigid schedules. Understand the available light, check the soil before watering, use proper drainage, and choose plants suited to your space.\n\nThe goal is not to create a perfect environment. It is to provide stable conditions that the plant can tolerate over time.','https://res.cloudinary.com/ddw4hd8ln/image/upload/v1784747081/clearview-blog/publications/om1t7ia7etyhgosajpkt.jpg','2026-07-22 19:04:42','2026-07-22 19:04:42',0),(8,28,'How to Build Healthier Meals Without Following a Strict Diet','A flexible approach to building balanced meals with practical ingredients, realistic portions, and habits that are easier to maintain.','A flexible approach to building balanced meals with practical ingredients, realistic portions, and habits that are easier to maintain.','https://res.cloudinary.com/ddw4hd8ln/image/upload/v1784747149/clearview-blog/publications/u47x4hv1wejswqq3jy2w.jpg','2026-07-22 19:05:50','2026-07-22 19:06:08',1),(9,28,'How to Build Healthier Meals Without Following a Strict Diet','A flexible approach to building balanced meals with practical ingredients, realistic portions, and habits that are easier to maintain.','Healthy eating is often presented as a collection of strict rules. Foods are classified as good or bad, complete food groups are removed, and temporary meal plans are treated as permanent solutions.\n\nThis approach can produce short-term changes, but it is difficult to maintain when work, travel, family responsibilities, budget limitations, and personal preferences become involved.\n\nA more practical strategy is to build meals around a few flexible principles.\n\nStart With a Source of Protein\n\nProtein contributes to fullness and supports many functions in the body. Including a clear protein source can make a meal more satisfying.\n\nCommon options include:\n\n- Eggs\n- Fish\n- Chicken\n- Beans\n- Lentils\n- Tofu\n- Yogurt\n- Cheese\n- Lean meat\n\nThe appropriate choice depends on your preferences, dietary needs, budget, and access to ingredients.\n\nAdd Vegetables or Fruit\n\nVegetables and fruit provide fiber, vitamins, minerals, and variety. You do not need to use unusual or expensive ingredients.\n\nFrozen vegetables can be as practical as fresh vegetables and often require less preparation. Canned options can also work when they contain reasonable amounts of added salt or sugar.\n\nSimple additions include:\n\n- A side salad\n- Frozen vegetables added to rice\n- Fruit with breakfast\n- Tomatoes and spinach in an omelet\n- Vegetables mixed into soup\n- Roasted vegetables prepared in advance\n\nInclude a Useful Carbohydrate\n\nCarbohydrates are a major energy source. Removing them completely is unnecessary for most people and may make meals less satisfying.\n\nExamples include:\n\n- Rice\n- Potatoes\n- Oats\n- Bread\n- Pasta\n- Corn\n- Beans\n- Fruit\n\nChoose portions based on hunger, activity level, and the other components of the meal.\n\nUse Fats Intentionally\n\nFats contribute flavor and can help a meal feel complete. Common sources include:\n\n- Avocado\n- Nuts\n- Seeds\n- Olive oil\n- Cheese\n- Nut butter\n\nFats are energy-dense, so it is useful to add them intentionally rather than accidentally combining several large sources in one meal.\n\nDo Not Depend on Perfect Portions\n\nThere is no single portion size that works for every person or every day. Hunger can change based on physical activity, sleep, stress, illness, and previous meals.\n\nBegin with a reasonable amount, eat slowly enough to notice fullness, and take more food when genuinely needed.\n\nPrepare Components Instead of Complete Meals\n\nMeal preparation does not require cooking identical containers for the entire week. Preparing flexible components can provide more variety.\n\nYou might prepare:\n\n- Cooked rice or potatoes\n- Roasted vegetables\n- A protein source\n- Washed fruit\n- A simple sauce\n- Chopped ingredients for salads\n\nThese components can be combined differently throughout the week.\n\nImprove Familiar Meals\n\nYou do not need to replace everything you currently eat. Adjust familiar meals gradually.\n\nFor example:\n\n- Add vegetables to pasta\n- Add fruit and yogurt to breakfast\n- Add beans to rice\n- Use more vegetables in sandwiches\n- Serve a smaller dessert after a complete meal\n- Add protein to a salad\n\nSmall changes are more likely to remain part of your routine.\n\nAvoid the All-or-Nothing Pattern\n\nOne meal does not determine the quality of your entire diet. Eating a less balanced meal is not a reason to abandon your habits for the rest of the day or week.\n\nReturn to your normal routine at the next opportunity. Consistency matters more than perfection.\n\nFinal Thoughts\n\nHealthy meals do not require complicated recipes or rigid restrictions. Start with protein, include produce, add a useful carbohydrate, and use fats intentionally.\n\nThe strongest eating pattern is not the most restrictive one. It is the one that provides adequate nutrition and can still function in ordinary life.','https://res.cloudinary.com/ddw4hd8ln/image/upload/v1784747197/clearview-blog/publications/ekoquj7r3ac1wsq6lkmh.jpg','2026-07-22 19:06:38','2026-07-22 19:06:38',0),(10,28,'How to Set Goals You Can Actually Complete','Turn vague ambitions into realistic goals by defining outcomes, reducing scope, tracking progress, and planning for predictable obstacles.','Setting a goal is easy when motivation is high. Completing it is harder because progress depends on repeated decisions made after the initial excitement disappears.\n\nMany goals fail because they are vague, oversized, or disconnected from a realistic schedule. A statement such as “become healthier” or “learn programming” describes a direction, but it does not define what completion looks like.\n\nA useful goal should guide action.\n\nDefine a Clear Outcome\n\nBegin by describing the result you want to reach.\n\nInstead of:\n\n“Improve my fitness.”\n\nUse:\n\n“Complete three thirty-minute strength workouts each week for the next eight weeks.”\n\nInstead of:\n\n“Learn React.”\n\nUse:\n\n“Build and deploy a small React application that consumes an API before the end of the month.”\n\nA clear outcome makes it possible to evaluate progress.\n\nReduce the Scope\n\nPeople often choose goals based on what would be impressive rather than what can be completed consistently.\n\nA smaller goal completed repeatedly is more valuable than an ambitious plan abandoned after a few days.\n\nAsk:\n\n- How much time can I realistically dedicate?\n- What responsibilities already compete for that time?\n- What is the smallest version that still produces meaningful progress?\n- Which parts of the goal are optional?\n\nReducing scope is not failure. It is a planning decision.\n\nSeparate Outcomes From Actions\n\nThe outcome is the result you want. Actions are the behaviors that move you toward it.\n\nFor example:\n\nOutcome:\n\nFinish a professional portfolio.\n\nActions:\n\n- Choose three projects\n- Write one project description\n- Capture screenshots\n- Build the portfolio layout\n- Review the mobile version\n- Publish the site\n\nYou cannot always control the final outcome, but you can control whether the scheduled actions are completed.\n\nSchedule the Work\n\nA goal without scheduled time is usually competing with every other task in your life.\n\nDo not rely only on a to-do list. Decide when the work will happen.\n\nA useful schedule answers:\n\n- What day will I work on this?\n- At what time?\n- For how long?\n- Where will I work?\n- What specific action will I complete?\n\nThe plan should be visible in your calendar or another system you regularly check.\n\nPrepare for Obstacles\n\nObstacles are not exceptions. They are part of the plan.\n\nConsider what is likely to interrupt your progress:\n\n- Low energy\n- Unexpected work\n- Family responsibilities\n- Missing information\n- Technical problems\n- Travel\n- Loss of motivation\n\nCreate fallback options.\n\nFor example:\n\n“If I cannot complete a full workout, I will do a fifteen-minute version.”\n\n“If I cannot study for one hour, I will review notes for twenty minutes.”\n\nFallback plans protect consistency without pretending every day will be ideal.\n\nTrack Evidence of Progress\n\nProgress should be visible. Tracking can be simple:\n\n- Completed sessions\n- Pages written\n- Tasks finished\n- Hours practiced\n- Workouts completed\n- Features implemented\n\nAvoid tracking too many measurements. Choose the evidence most closely connected to the outcome.\n\nReview the Goal Regularly\n\nA goal should not remain unchanged simply because it was written earlier.\n\nReview it weekly and ask:\n\n- Is the goal still relevant?\n- Is the scope realistic?\n- Which actions are producing progress?\n- What is repeatedly blocking me?\n- What should be removed or adjusted?\n\nChanging a weak plan is more rational than following it out of obligation.\n\nDo Not Confuse Delay With Failure\n\nMissing one scheduled session does not destroy the goal. The real problem begins when one missed action becomes a reason to stop entirely.\n\nResume at the next planned opportunity. Do not create a dramatic recovery plan that is more demanding than the original schedule.\n\nFinal Thoughts\n\nGoals become achievable when they are converted into specific actions supported by time, resources, and realistic expectations.\n\nDefine the outcome, reduce unnecessary scope, schedule the work, prepare fallback options, and review progress. Motivation may begin the process, but structure is what keeps it moving.','https://res.cloudinary.com/ddw4hd8ln/image/upload/v1784747266/clearview-blog/publications/aiwivbairvgsv3hqxypk.jpg','2026-07-22 19:07:46','2026-07-22 19:07:46',0),(11,28,'Hidden Gems in Portugal Beyond Lisbon and Porto','Discover historic villages, quiet coastlines, mountain landscapes, and regional traditions beyond Portugal’s most frequently visited cities...','Lisbon and Porto deserve their popularity. Both cities offer distinctive architecture, food, history, and neighborhoods that reward careful exploration.\n\nHowever, limiting a trip to Portugal’s two largest tourism centers provides only a partial view of the country. Smaller cities, villages, islands, mountain regions, and inland landscapes reveal different traditions and a slower rhythm of travel.\n\nExploring these places requires more planning, but the result can be a more varied and memorable itinerary.\n\nWhy Travel Beyond the Major Cities?\n\nPopular destinations are convenient because transportation, tours, and accommodation are easy to find. Less-visited areas may require a rental car, regional bus, or additional travel time.\n\nThe benefit is not simply avoiding crowds. Smaller destinations can offer:\n\n- Regional architecture\n- Local food traditions\n- Historic town centers\n- Hiking and natural landscapes\n- A slower daily pace\n- More direct contact with local routines\n\nThe goal should not be to find places without tourists. It should be to choose destinations that match your interests rather than following the same itinerary as every other visitor.\n\nÉvora\n\nÉvora is one of the most accessible historic destinations outside Lisbon. Its compact center contains Roman, medieval, and later architectural influences.\n\nVisitors can explore:\n\n- The Roman Temple\n- Évora Cathedral\n- Whitewashed streets\n- Historic squares\n- Traditional Alentejo restaurants\n- Nearby archaeological sites\n\nThe city can be visited as a long day trip, but staying overnight allows you to experience the center after many daytime visitors leave.\n\nThe surrounding Alentejo region is known for wide landscapes, cork oak forests, vineyards, and small fortified towns.\n\nMonsaraz\n\nMonsaraz is a hilltop village near the Spanish border. Its stone streets, white buildings, and defensive walls overlook the Alqueva reservoir and the surrounding countryside.\n\nThe village is small and does not require a long checklist of attractions. Its value comes from the atmosphere, views, and connection to the landscape.\n\nA visit may include:\n\n- Walking along the castle walls\n- Exploring the narrow streets\n- Visiting small artisan shops\n- Watching the sunset over the reservoir\n- Eating regional dishes in a local restaurant\n\nMonsaraz works well as part of a road trip through Alentejo. Public transportation options may be limited, so verify routes in advance.\n\nMarvão\n\nMarvão sits high in the mountains of eastern Portugal. The fortified village offers extensive views and a quieter experience than many more accessible historic towns.\n\nThe approach to Marvão is part of the experience. Roads climb through the landscape before reaching the walled settlement.\n\nWithin the village, visitors can explore:\n\n- The castle\n- Defensive walls\n- Historic houses\n- Small gardens\n- Mountain viewpoints\n\nWear shoes suitable for steep and uneven streets.\n\nNearby Castelo de Vide provides another historic center and can be combined with Marvão in the same regional itinerary.\n\nAveiro Beyond the Canal Tours\n\nAveiro is often described through its canals and colorful boats, but the surrounding region offers more than a short sightseeing stop.\n\nThe city center includes Art Nouveau architecture, traditional pastry shops, markets, and access to nearby coastal areas.\n\nCosta Nova is known for its striped houses and wide beach. Although it has become a recognizable photography location, it remains worth visiting when combined with time along the coast.\n\nTravelers should not expect Aveiro to resemble Venice despite the frequent comparison. It has its own scale and identity.\n\nSerra da Estrela\n\nSerra da Estrela contains Portugal’s highest mainland mountains. The region changes considerably with the seasons.\n\nActivities may include:\n\n- Hiking\n- Scenic drives\n- Visiting mountain villages\n- Trying regional cheese\n- Exploring glacial valleys\n- Winter snow activities when conditions allow\n\nWeather can change quickly, particularly at higher elevations. Check forecasts, road conditions, and seasonal accessibility before departure.\n\nThe region is easier to explore by car. Build extra time into the itinerary because mountain roads are slower than map distances suggest.\n\nPiódão\n\nPiódão is a mountain village known for dark stone houses, slate roofs, and narrow paths arranged along a steep slope.\n\nIts appearance is distinctive, but the remote location means the journey requires time. This should not be treated as a quick detour.\n\nA visit is most rewarding when combined with other destinations in central Portugal.\n\nConsider:\n\n- Walking through the village slowly\n- Exploring nearby paths\n- Staying overnight\n- Visiting during quieter hours\n- Supporting local businesses rather than only taking photographs\n\nThe village is a lived community, not a theme park. Respect private spaces and avoid blocking narrow passages.\n\nTomar\n\nTomar is closely connected to the history of the Knights Templar in Portugal. Its main landmark is the Convent of Christ, a large complex containing architectural elements from different periods.\n\nThe site deserves more than a rushed visit. Allow enough time to explore its cloisters, church, corridors, and exterior spaces.\n\nThe town also offers:\n\n- A walkable historic center\n- Riverside areas\n- Traditional restaurants\n- Access to other central Portuguese destinations\n\nTomar can be reached by train from Lisbon, making it a practical option for travelers without a car.\n\nDornes\n\nDornes is a small village located on a peninsula beside the Zêzere River. It is recognized for its unusual tower and quiet waterfront setting.\n\nThere are few formal attractions, which is precisely why the destination may appeal to travelers seeking a slower stop.\n\nActivities include:\n\n- Walking along the water\n- Visiting the village church\n- Kayaking or boating when available\n- Eating near the river\n- Exploring nearby roads and viewpoints\n\nDornes is best approached as part of a broader regional route.\n\nThe Vicentine Coast\n\nThe southwest coast of Portugal offers cliffs, beaches, fishing communities, and hiking routes. Compared with heavily developed resort areas, parts of this coast remain less urbanized.\n\nPotential bases include:\n\n- Vila Nova de Milfontes\n- Porto Covo\n- Zambujeira do Mar\n- Odeceixe\n- Aljezur\n\nThe Rota Vicentina trail network connects many coastal and inland areas. Travelers can complete short sections or plan a multi-day hike.\n\nConditions can be exposed, with strong sun and limited shade. Carry sufficient water and verify the distance between services.\n\nTavira\n\nTavira is located in the eastern Algarve and offers a different experience from the region’s larger resort centers.\n\nThe town includes:\n\n- A Roman-era bridge\n- Historic churches\n- Traditional architecture\n- Riverside walks\n- Access to beaches through the nearby island system\n\nTavira can become busy during summer, but its scale and historic center remain appealing.\n\nUse the town as a base for exploring the eastern Algarve rather than treating it only as a brief stop.\n\nCacela Velha\n\nCacela Velha is a small elevated village overlooking the Ria Formosa lagoon system. Its white buildings, church, and coastal views create a striking setting.\n\nThe village itself is very small. Combine the visit with nearby beaches, Tavira, or other eastern Algarve destinations.\n\nTides affect the appearance and accessibility of the coastal landscape, so conditions may differ throughout the day.\n\nThe Azores\n\nThe Azores are an Atlantic archipelago with volcanic landscapes, crater lakes, geothermal areas, coastal cliffs, and marine wildlife.\n\nSão Miguel is the most common first island and includes:\n\n- Sete Cidades\n- Lagoa do Fogo\n- Furnas\n- Hot springs\n- Tea plantations\n- Coastal viewpoints\n\nOther islands provide different experiences, including volcanic hiking, vineyards, whale watching, and quieter rural landscapes.\n\nIsland weather is unpredictable. A clear morning can become cloudy or rainy quickly. Keep the schedule flexible and avoid assigning one irreplaceable activity to a single narrow time slot.\n\nMadeira Beyond Funchal\n\nFunchal is the main arrival point, but Madeira’s strongest experiences are distributed throughout the island.\n\nTravelers can explore:\n\n- Levada walks\n- Mountain trails\n- Coastal viewpoints\n- Natural swimming pools\n- Forests\n- Small villages\n- High-elevation roads\n\nDriving distances can appear short while taking longer than expected because of steep terrain and winding roads.\n\nSome famous trails require advance reservations, transportation planning, or temporary closures. Verify current conditions before departure.\n\nHow to Plan a Regional Route\n\nDo not attempt to include every destination in one trip. Choose one or two regions and build a coherent route.\n\nAn Alentejo itinerary might include:\n\n- Évora\n- Monsaraz\n- Marvão\n- Castelo de Vide\n- Local vineyards or rural accommodation\n\nA central Portugal itinerary might include:\n\n- Tomar\n- Coimbra\n- Serra da Estrela\n- Piódão\n- Nearby historic villages\n\nA coastal itinerary might include:\n\n- Porto Covo\n- Vila Nova de Milfontes\n- Odeceixe\n- Aljezur\n- The western Algarve\n\nGrouping destinations geographically reduces driving time and creates a more consistent travel experience.\n\nTransportation Considerations\n\nPortugal has useful rail connections between major cities, but many rural destinations are easier to reach by car.\n\nBefore renting a vehicle, consider:\n\n- Manual versus automatic transmission\n- Toll-road payment systems\n- Parking limitations\n- Narrow historic streets\n- Mountain roads\n- Fuel policies\n- Insurance coverage\n\nDo not drive directly into historic centers without checking access rules. Many streets are narrow, restricted, or unsuitable for visitors unfamiliar with the area.\n\nTravel More Slowly\n\nLess-visited places often do not provide constant entertainment. That is part of their value.\n\nSpend time walking, eating slowly, observing local routines, and allowing destinations to exist without forcing them into a checklist.\n\nA smaller town may not require five attractions to justify a visit. The landscape, architecture, food, and pace can be the experience.\n\nFinal Thoughts\n\nPortugal offers much more than Lisbon, Porto, and the most recognizable Algarve beaches. Inland villages, mountain regions, islands, and quieter coastal towns reveal different parts of the country’s geography and culture.\n\nChoose destinations based on genuine interest, group them into a practical route, and accept that less accessible places require more time. The result will usually be a richer trip than an itinerary designed only around famous landmarks....','https://res.cloudinary.com/ddw4hd8ln/image/upload/v1784747393/clearview-blog/publications/brsckpgwjzue6eh6bjzm.jpg','2026-07-22 19:09:53','2026-07-22 19:25:22',0),(12,28,'Hidden Gems in Portugal Beyond Lisbon and Porto','Discover historic villages, quiet coastlines, mountain landscapes, and regional traditions beyond Portugal’s most frequently visited cities....','Lisbon and Porto deserve their popularity. Both cities offer distinctive architecture, food, history, and neighborhoods that reward careful exploration.\n\nHowever, limiting a trip to Portugal’s two largest tourism centers provides only a partial view of the country. Smaller cities, villages, islands, mountain regions, and inland landscapes reveal different traditions and a slower rhythm of travel.\n\nExploring these places requires more planning, but the result can be a more varied and memorable itinerary.\n\nWhy Travel Beyond the Major Cities?\n\nPopular destinations are convenient because transportation, tours, and accommodation are easy to find. Less-visited areas may require a rental car, regional bus, or additional travel time.\n\nThe benefit is not simply avoiding crowds. Smaller destinations can offer:\n\n- Regional architecture\n- Local food traditions\n- Historic town centers\n- Hiking and natural landscapes\n- A slower daily pace\n- More direct contact with local routines\n\nThe goal should not be to find places without tourists. It should be to choose destinations that match your interests rather than following the same itinerary as every other visitor.\n\nÉvora\n\nÉvora is one of the most accessible historic destinations outside Lisbon. Its compact center contains Roman, medieval, and later architectural influences.\n\nVisitors can explore:\n\n- The Roman Temple\n- Évora Cathedral\n- Whitewashed streets\n- Historic squares\n- Traditional Alentejo restaurants\n- Nearby archaeological sites\n\nThe city can be visited as a long day trip, but staying overnight allows you to experience the center after many daytime visitors leave.\n\nThe surrounding Alentejo region is known for wide landscapes, cork oak forests, vineyards, and small fortified towns.\n\nMonsaraz\n\nMonsaraz is a hilltop village near the Spanish border. Its stone streets, white buildings, and defensive walls overlook the Alqueva reservoir and the surrounding countryside.\n\nThe village is small and does not require a long checklist of attractions. Its value comes from the atmosphere, views, and connection to the landscape.\n\nA visit may include:\n\n- Walking along the castle walls\n- Exploring the narrow streets\n- Visiting small artisan shops\n- Watching the sunset over the reservoir\n- Eating regional dishes in a local restaurant\n\nMonsaraz works well as part of a road trip through Alentejo. Public transportation options may be limited, so verify routes in advance.\n\nMarvão\n\nMarvão sits high in the mountains of eastern Portugal. The fortified village offers extensive views and a quieter experience than many more accessible historic towns.\n\nThe approach to Marvão is part of the experience. Roads climb through the landscape before reaching the walled settlement.\n\nWithin the village, visitors can explore:\n\n- The castle\n- Defensive walls\n- Historic houses\n- Small gardens\n- Mountain viewpoints\n\nWear shoes suitable for steep and uneven streets.\n\nNearby Castelo de Vide provides another historic center and can be combined with Marvão in the same regional itinerary.\n\nAveiro Beyond the Canal Tours\n\nAveiro is often described through its canals and colorful boats, but the surrounding region offers more than a short sightseeing stop.\n\nThe city center includes Art Nouveau architecture, traditional pastry shops, markets, and access to nearby coastal areas.\n\nCosta Nova is known for its striped houses and wide beach. Although it has become a recognizable photography location, it remains worth visiting when combined with time along the coast.\n\nTravelers should not expect Aveiro to resemble Venice despite the frequent comparison. It has its own scale and identity.\n\nSerra da Estrela\n\nSerra da Estrela contains Portugal’s highest mainland mountains. The region changes considerably with the seasons.\n\nActivities may include:\n\n- Hiking\n- Scenic drives\n- Visiting mountain villages\n- Trying regional cheese\n- Exploring glacial valleys\n- Winter snow activities when conditions allow\n\nWeather can change quickly, particularly at higher elevations. Check forecasts, road conditions, and seasonal accessibility before departure.\n\nThe region is easier to explore by car. Build extra time into the itinerary because mountain roads are slower than map distances suggest.\n\nPiódão\n\nPiódão is a mountain village known for dark stone houses, slate roofs, and narrow paths arranged along a steep slope.\n\nIts appearance is distinctive, but the remote location means the journey requires time. This should not be treated as a quick detour.\n\nA visit is most rewarding when combined with other destinations in central Portugal.\n\nConsider:\n\n- Walking through the village slowly\n- Exploring nearby paths\n- Staying overnight\n- Visiting during quieter hours\n- Supporting local businesses rather than only taking photographs\n\nThe village is a lived community, not a theme park. Respect private spaces and avoid blocking narrow passages.\n\nTomar\n\nTomar is closely connected to the history of the Knights Templar in Portugal. Its main landmark is the Convent of Christ, a large complex containing architectural elements from different periods.\n\nThe site deserves more than a rushed visit. Allow enough time to explore its cloisters, church, corridors, and exterior spaces.\n\nThe town also offers:\n\n- A walkable historic center\n- Riverside areas\n- Traditional restaurants\n- Access to other central Portuguese destinations\n\nTomar can be reached by train from Lisbon, making it a practical option for travelers without a car.\n\nDornes\n\nDornes is a small village located on a peninsula beside the Zêzere River. It is recognized for its unusual tower and quiet waterfront setting.\n\nThere are few formal attractions, which is precisely why the destination may appeal to travelers seeking a slower stop.\n\nActivities include:\n\n- Walking along the water\n- Visiting the village church\n- Kayaking or boating when available\n- Eating near the river\n- Exploring nearby roads and viewpoints\n\nDornes is best approached as part of a broader regional route.\n\nThe Vicentine Coast\n\nThe southwest coast of Portugal offers cliffs, beaches, fishing communities, and hiking routes. Compared with heavily developed resort areas, parts of this coast remain less urbanized.\n\nPotential bases include:\n\n- Vila Nova de Milfontes\n- Porto Covo\n- Zambujeira do Mar\n- Odeceixe\n- Aljezur\n\nThe Rota Vicentina trail network connects many coastal and inland areas. Travelers can complete short sections or plan a multi-day hike.\n\nConditions can be exposed, with strong sun and limited shade. Carry sufficient water and verify the distance between services.\n\nTavira\n\nTavira is located in the eastern Algarve and offers a different experience from the region’s larger resort centers.\n\nThe town includes:\n\n- A Roman-era bridge\n- Historic churches\n- Traditional architecture\n- Riverside walks\n- Access to beaches through the nearby island system\n\nTavira can become busy during summer, but its scale and historic center remain appealing.\n\nUse the town as a base for exploring the eastern Algarve rather than treating it only as a brief stop.\n\nCacela Velha\n\nCacela Velha is a small elevated village overlooking the Ria Formosa lagoon system. Its white buildings, church, and coastal views create a striking setting.\n\nThe village itself is very small. Combine the visit with nearby beaches, Tavira, or other eastern Algarve destinations.\n\nTides affect the appearance and accessibility of the coastal landscape, so conditions may differ throughout the day.\n\nThe Azores\n\nThe Azores are an Atlantic archipelago with volcanic landscapes, crater lakes, geothermal areas, coastal cliffs, and marine wildlife.\n\nSão Miguel is the most common first island and includes:\n\n- Sete Cidades\n- Lagoa do Fogo\n- Furnas\n- Hot springs\n- Tea plantations\n- Coastal viewpoints\n\nOther islands provide different experiences, including volcanic hiking, vineyards, whale watching, and quieter rural landscapes.\n\nIsland weather is unpredictable. A clear morning can become cloudy or rainy quickly. Keep the schedule flexible and avoid assigning one irreplaceable activity to a single narrow time slot.\n\nMadeira Beyond Funchal\n\nFunchal is the main arrival point, but Madeira’s strongest experiences are distributed throughout the island.\n\nTravelers can explore:\n\n- Levada walks\n- Mountain trails\n- Coastal viewpoints\n- Natural swimming pools\n- Forests\n- Small villages\n- High-elevation roads\n\nDriving distances can appear short while taking longer than expected because of steep terrain and winding roads.\n\nSome famous trails require advance reservations, transportation planning, or temporary closures. Verify current conditions before departure.\n\nHow to Plan a Regional Route\n\nDo not attempt to include every destination in one trip. Choose one or two regions and build a coherent route.\n\nAn Alentejo itinerary might include:\n\n- Évora\n- Monsaraz\n- Marvão\n- Castelo de Vide\n- Local vineyards or rural accommodation\n\nA central Portugal itinerary might include:\n\n- Tomar\n- Coimbra\n- Serra da Estrela\n- Piódão\n- Nearby historic villages\n\nA coastal itinerary might include:\n\n- Porto Covo\n- Vila Nova de Milfontes\n- Odeceixe\n- Aljezur\n- The western Algarve\n\nGrouping destinations geographically reduces driving time and creates a more consistent travel experience.\n\nTransportation Considerations\n\nPortugal has useful rail connections between major cities, but many rural destinations are easier to reach by car.\n\nBefore renting a vehicle, consider:\n\n- Manual versus automatic transmission\n- Toll-road payment systems\n- Parking limitations\n- Narrow historic streets\n- Mountain roads\n- Fuel policies\n- Insurance coverage\n\nDo not drive directly into historic centers without checking access rules. Many streets are narrow, restricted, or unsuitable for visitors unfamiliar with the area.\n\nTravel More Slowly\n\nLess-visited places often do not provide constant entertainment. That is part of their value.\n\nSpend time walking, eating slowly, observing local routines, and allowing destinations to exist without forcing them into a checklist.\n\nA smaller town may not require five attractions to justify a visit. The landscape, architecture, food, and pace can be the experience.\n\nFinal Thoughts\n\nPortugal offers much more than Lisbon, Porto, and the most recognizable Algarve beaches. Inland villages, mountain regions, islands, and quieter coastal towns reveal different parts of the country’s geography and culture.\n\nChoose destinations based on genuine interest, group them into a practical route, and accept that less accessible places require more time. The result will usually be a richer trip than an itinerary designed only around famous landmarks.','https://res.cloudinary.com/ddw4hd8ln/image/upload/v1784749587/clearview-blog/publications/a2vzrmmu0fozrgqotvho.png','2026-07-22 19:31:58','2026-07-22 19:47:06',1);
/*!40000 ALTER TABLE `posts` ENABLE KEYS */;
UNLOCK TABLES;

--
-- Table structure for table `roles`
--

DROP TABLE IF EXISTS `roles`;
/*!40101 SET @saved_cs_client     = @@character_set_client */;
/*!50503 SET character_set_client = utf8mb4 */;
CREATE TABLE `roles` (
  `id` smallint(6) NOT NULL AUTO_INCREMENT,
  `name` varchar(20) NOT NULL,
  `description` varchar(255) DEFAULT NULL,
  `created_at` timestamp NULL DEFAULT NULL,
  `updated_at` timestamp NULL DEFAULT NULL,
  `archived` tinyint(1) DEFAULT 0,
  PRIMARY KEY (`id`),
  UNIQUE KEY `name` (`name`)
) ENGINE=InnoDB AUTO_INCREMENT=5 DEFAULT CHARSET=utf8mb4 COLLATE=utf8mb4_unicode_ci;
/*!40101 SET character_set_client = @saved_cs_client */;

--
-- Dumping data for table `roles`
--

LOCK TABLES `roles` WRITE;
/*!40000 ALTER TABLE `roles` DISABLE KEYS */;
INSERT INTO `roles` VALUES (1,'user','Standard application user','2026-07-21 20:30:53','2026-07-21 20:30:54',0),(2,'admin','Aplication administrator','2026-07-21 20:32:46','2026-07-21 20:32:46',0),(3,'visitor','Standard application visitor','2026-07-21 20:34:07','2026-07-21 20:34:07',0);
/*!40000 ALTER TABLE `roles` ENABLE KEYS */;
UNLOCK TABLES;

--
-- Table structure for table `users`
--

DROP TABLE IF EXISTS `users`;
/*!40101 SET @saved_cs_client     = @@character_set_client */;
/*!50503 SET character_set_client = utf8mb4 */;
CREATE TABLE `users` (
  `id` bigint(20) NOT NULL AUTO_INCREMENT,
  `role_id` smallint(6) NOT NULL,
  `full_name` varchar(100) NOT NULL,
  `email` varchar(150) NOT NULL,
  `password_hash` varchar(255) NOT NULL,
  `created_at` timestamp NULL DEFAULT NULL,
  `updated_at` timestamp NULL DEFAULT NULL,
  `archived` tinyint(1) DEFAULT 0,
  PRIMARY KEY (`id`),
  KEY `role_id` (`role_id`),
  CONSTRAINT `users_ibfk_1` FOREIGN KEY (`role_id`) REFERENCES `roles` (`id`)
) ENGINE=InnoDB AUTO_INCREMENT=32 DEFAULT CHARSET=utf8mb4 COLLATE=utf8mb4_unicode_ci;
/*!40101 SET character_set_client = @saved_cs_client */;

--
-- Dumping data for table `users`
--

LOCK TABLES `users` WRITE;
/*!40000 ALTER TABLE `users` DISABLE KEYS */;
INSERT INTO `users` VALUES (1,2,'Alan Vargas','alansito22@gmail.com','$2b$10$bO5wcqA35eqo/9QoDzCuXOF1uKN/AO.pOIfVW3/A0hVdo5RGpBFSq','2026-07-21 21:50:42','2026-07-21 21:50:42',1),(2,2,'Alan Vargas','alansito23@gmail.com','$2b$10$QygdoiuyL697EtoqOlYI7.mWdl2mnj8GrgMZD/F4VGd7/LDqGjXIK','2026-07-21 22:34:09','2026-07-21 22:34:09',1),(3,2,'alansito22','alangdev212@gmail.com','$2b$10$nWhrSTBbd4ILure2q/XV2u1pQeVGwJ4gqbwi/.iC11xTv0msS4PwO','2026-07-22 02:57:37','2026-07-22 02:57:37',1),(11,1,'alansito23','alangdev2132@gmail.com','$2b$10$kNyawXIpaJ/BgeFFRiiVnek0vDMlfy.qV2jKsPTs5NTfVki/0GrTC','2026-07-22 03:10:20','2026-07-22 03:10:20',0),(25,1,'alansito22','alangdev212@gmail.com','$2b$10$/npjWVnn/vlbxu3677THouz41kVKGA.FsTEnuCrB5WprO5aGjF2KG','2026-07-22 03:23:07','2026-07-22 03:23:07',1),(26,1,'alansito22','alangdev212@gmail.com','$2b$10$cS8j2A2QcqtrtvBciG0Fy.LbwuSTncVvyFMu56LvReIIMgzJd.xOO','2026-07-22 03:24:31','2026-07-22 03:24:31',0),(27,1,'alansito22','alguienxc2@hotmail.com','$2b$10$v4BpHPmSta.t5Exr2LMkyuNoIsSxO3ZO9T6AoBr57wtiMQOQuEx3K','2026-07-22 03:47:19','2026-07-22 03:47:19',0),(28,2,'admin','admin22@gmail.com','$2b$10$51AkzjrpOHPpSWbyjAhVU.kdFIc.ZiTZ7qM3.R9LDbFygLoVAzpPa','2026-07-22 04:25:31','2026-07-22 04:25:31',0),(29,1,'alansito','alangdev23132@gmail.com','$2b$10$IEas3pn789aG5A4QVEPh/ehjhZJmWk1pQbDCh8h4AAURTUiw32LWq','2026-07-22 04:52:08','2026-07-22 04:52:08',0),(30,1,'alansit24','kramirez32@ucol.mx','$2b$10$CUUVDwVSuhPI6PRcQkiz2Ov4nrMESgbZGWh.ciRpw1v38aT6jl6Ou','2026-07-22 05:15:56','2026-07-22 05:15:56',0),(31,1,'testing','testing@gmail.com','$2b$10$TTwvnSzxIjkqTzHSFWulg.kjHfDMsmKZKMeWLpkLt8kA3yiK10wqC','2026-07-22 18:23:00','2026-07-22 18:23:00',0);
/*!40000 ALTER TABLE `users` ENABLE KEYS */;
UNLOCK TABLES;
/*!40103 SET TIME_ZONE=@OLD_TIME_ZONE */;

/*!40101 SET SQL_MODE=@OLD_SQL_MODE */;
/*!40014 SET FOREIGN_KEY_CHECKS=@OLD_FOREIGN_KEY_CHECKS */;
/*!40014 SET UNIQUE_CHECKS=@OLD_UNIQUE_CHECKS */;
/*!40101 SET CHARACTER_SET_CLIENT=@OLD_CHARACTER_SET_CLIENT */;
/*!40101 SET CHARACTER_SET_RESULTS=@OLD_CHARACTER_SET_RESULTS */;
/*!40101 SET COLLATION_CONNECTION=@OLD_COLLATION_CONNECTION */;
/*!40111 SET SQL_NOTES=@OLD_SQL_NOTES */;

-- Dump completed on 2026-07-22 14:49:43
